{"cameraMode":{"drawMode":0,"name":"Shaded","section":"Shading Mode"},"sceneLighting":false,"audioPlay":false,"sceneViewState":{"showFog":false,"showMaterialUpdate":false,"showSkybox":false,"showFlares":false,"showImageEffects":false,"showParticleSystems":false},"in2DMode":false,"pivot":{"x":-0.8316961526870728,"y":0.7053413391113281,"z":-0.4335888624191284},"rotation":{"x":-0.6644616723060608,"y":0.0021831837948411705,"z":-0.0010984030086547137,"w":-0.7475690245628357},"size":9.551283836364746,"orthographic":true}